model,replica,round,predicted_branch,count,mean_image_read_sec,p95_image_read_sec,mean_preprocess_sec,p95_preprocess_sec,mean_transfer_sec,p95_transfer_sec,mean_generate_only_latency_sec,p95_generate_only_latency_sec,mean_decode_sec,p95_decode_sec,mean_end_to_end_latency_sec,p95_end_to_end_latency_sec,mean_generated_tokens
3b,3b_replica_1,1,safe,74,0.06199762283673359,0.06642522478941827,0.04308322739057444,0.048750418890267606,0.0071609325178370285,0.007939354586414992,0.6836158625429144,0.6906207823427394,0.00011312668337612538,0.00012696110643446447,0.7959707719714355,0.8053278239676729,4.0
3b,3b_replica_1,1,hazard,126,0.060390054998505444,0.06705133279319853,0.043190965750476436,0.04825944942422211,0.007256172878283357,0.007853464689105749,1.4082890644019086,1.6275269767502323,0.00028548048188289005,0.00047429674305021763,1.5194117385110566,1.7417061709566042,42.43650793650794
3b,3b_replica_1,2,safe,74,0.062061302093285566,0.06819941436406225,0.04348241608917109,0.0464540728367865,0.007326397270820028,0.00804321740288287,0.6923667485385228,0.6993132816860452,0.00011408468079123948,0.0001272816676646471,0.8053509486725906,0.8145551308989525,4.0
3b,3b_replica_1,2,hazard,126,0.06047180103182438,0.06705699791200459,0.04374945746172988,0.04935980122536421,0.007432790170054114,0.00783769553527236,1.4197381464394903,1.637859283015132,0.000308909508887501,0.0005109944613650441,1.5317011046119862,1.7497905232012272,42.79365079365079
3b,3b_replica_2,1,safe,74,0.062128517625702394,0.06741594469640404,0.04263781111788105,0.0496969730593264,0.007341497779093884,0.007691735518164933,0.7022876127409069,0.7180102140409872,0.00011270663801681351,0.00012313290499150751,0.814508145901601,0.8347769107669591,4.0
3b,3b_replica_2,1,hazard,126,0.06041053935722818,0.06692933617159724,0.04266814968090445,0.04816124204080552,0.007534387772755017,0.008061902946792543,1.4312061145569064,1.653829182148911,0.00029601455326118165,0.000620245817117393,1.5421152059210552,1.7638706665020436,42.43650793650794
3b,3b_replica_2,2,safe,74,0.061828382445398615,0.06610966431908309,0.0418111746627334,0.044546208297833796,0.0075316595203067,0.007855564379133283,0.712919853193484,0.7171623474452644,0.00011057959164719323,0.00011832376476377248,0.82420164941357,0.8318378306925297,4.0
3b,3b_replica_2,2,hazard,126,0.060442161495013844,0.06715242471545935,0.04308879860706391,0.04742405272554606,0.0076847610078633775,0.008146143169142306,1.4375712870368882,1.662704539950937,0.00033301242538506077,0.0006983624771237373,1.5491200205722144,1.7743328581564128,42.79365079365079
7b,7b_replica_1,1,safe,66,0.062326890007225855,0.06737406551837921,0.0398762284382952,0.047359249903820455,0.00768699108933409,0.008699224796146154,0.9287900503400262,0.9500868286704645,0.00012327333432481146,0.00014602032024413347,1.0388034332092062,1.0617553791962564,4.0
7b,7b_replica_1,1,hazard,134,0.06050260395590049,0.06820837559644133,0.03971923956188804,0.04358963149134068,0.0076958315565125715,0.008080150908790528,1.9365820683080202,2.2527825279626996,0.00034879845108336477,0.0006617150967940689,2.044848541833405,2.3605742675252257,41.3955223880597
7b,7b_replica_1,2,safe,66,0.062321477245087874,0.06676008820068091,0.04013134285130284,0.046650930074974895,0.007962082964227055,0.008525362005457282,0.9366830545759788,0.9465438468614593,0.00012108158658851276,0.00013943109661340714,1.047219039223185,1.073024693876505,4.0
7b,7b_replica_1,2,hazard,134,0.06035678572049225,0.06706837909296155,0.04027362121616615,0.04286906686611473,0.00839664235558194,0.009119568532332778,1.913827770073384,2.2089830006239937,0.00032314368690461367,0.0006356570869684219,2.023177963052529,2.3178067178698254,41.343283582089555
7b,7b_replica_2,1,safe,66,0.062365102327682755,0.06737258599605411,0.03951285926230026,0.04719479673076421,0.007649442851261208,0.008278717054054141,0.9113422659663202,0.9143480078782886,0.0001206290837603085,0.0001409255200996995,1.0209902994913247,1.0295296992408112,4.0
7b,7b_replica_2,1,hazard,134,0.06073524781030172,0.0678216616390273,0.03948354209884445,0.046228676056489344,0.007786227483997371,0.008878312772139905,1.9022271500816985,2.2078017313499005,0.0003197762295047739,0.0006745812715962528,2.010551943704347,2.3160356622189284,41.3955223880597
7b,7b_replica_2,2,safe,66,0.06239255783712548,0.06658484088256955,0.04031022026372904,0.04626442806329578,0.008089908130579826,0.009358357172459364,0.9130951518221109,0.9208778890315443,0.00011915300097880942,0.00013886496890336275,1.024006991054524,1.0653748783515766,4.0
7b,7b_replica_2,2,hazard,134,0.06063241322538746,0.06708030679728835,0.03973733474250271,0.04175763733219355,0.008372627514928802,0.009050913294777274,1.896609539791608,2.2003240024205297,0.0003307788222750176,0.000619620643556118,2.005682694096702,2.3099388070870193,41.343283582089555
